{
    "precision": 0.3689839572192513,
    "recall": 0.3511450381679389,
    "f1": 0.3598435462842242,
    "validity": 1.0,
    "total_examples": 200,
    "valid_json_count": 200
}