{
    "precision": 0.3952254641909814,
    "recall": 0.3791348600508906,
    "f1": 0.38701298701298703,
    "validity": 1.0,
    "total_examples": 200,
    "valid_json_count": 200
}