model_variant,precision,recall,f1,validity,notes
selective_adapter,0.3689839572,0.3511450382,0.3598435463,1.0,val_200
full_adapter,0.3952254642,0.3791348601,0.3870129870,1.0,val_200
