{
    "precision": 0.9062444086598676,
    "recall": 0.9070558739255015,
    "f1": 0.9066499597243355,
    "validity": 1.0,
    "total_examples": 3453,
    "valid_json_count": 3453,
    "repaired_json_count": 0
}