{
    "precision": 0.9545544358822368,
    "recall": 0.8242620713188875,
    "f1": 0.8846365134590735,
    "validity": 1.0,
    "total_examples": 3250,
    "valid_json_count": 3250,
    "repaired_json_count": 0
}