{
    "precision": 0.9069426336375489,
    "recall": 0.9494966729227095,
    "f1": 0.9277319329832457,
    "validity": 1.0,
    "total_examples": 3250,
    "valid_json_count": 3250,
    "repaired_json_count": 0
}