{
    "precision": 0.9184856094263086,
    "recall": 0.8515401146131805,
    "f1": 0.8837468636743796,
    "validity": 1.0,
    "total_examples": 3453,
    "valid_json_count": 3453,
    "repaired_json_count": 7
}