{
    "precision": 0.9177949709864603,
    "recall": 0.8497492836676218,
    "f1": 0.8824623395945694,
    "validity": 1.0,
    "total_examples": 3453,
    "valid_json_count": 3453,
    "repaired_json_count": 0
}