{
    "precision": 0.9502016482553042,
    "recall": 0.9245862480805324,
    "f1": 0.9372189553787615,
    "validity": 1.0,
    "total_examples": 3250,
    "valid_json_count": 3250,
    "repaired_json_count": 0
}