{
    "precision": 0.949906191369606,
    "recall": 0.8638457601091963,
    "f1": 0.9048342418014476,
    "validity": 1.0,
    "total_examples": 3250,
    "valid_json_count": 3250,
    "repaired_json_count": 0
}