{
    "precision": 0.9486748786860769,
    "recall": 0.8672581470738782,
    "f1": 0.9061413673232909,
    "validity": 1.0,
    "total_examples": 3250,
    "valid_json_count": 3250,
    "repaired_json_count": 0
}