{
    "precision": 0.9480859010270775,
    "recall": 0.8662344309844736,
    "f1": 0.9053138373751783,
    "validity": 1.0,
    "total_examples": 3250,
    "valid_json_count": 3250,
    "repaired_json_count": 9
}