{
    "precision": 0.9490386410304275,
    "recall": 0.8674287664221123,
    "f1": 0.9064004278837583,
    "validity": 1.0,
    "total_examples": 3250,
    "valid_json_count": 3250,
    "repaired_json_count": 11
}