label,model_path,sample_count,elapsed_sec,per_sample_ms,precision,recall,f1,validity
Q4_K_M_LORA_v4,models/gguf/qwen2.5-1.5b-lora-Q4_K_M.gguf,50,108.59372401237488,2171.8744802474976,0.3434343434343434,0.2328767123287671,0.2775510204081632,1.0
Q5_K_M_LORA_v4,models/gguf/qwen2.5-1.5b-lora-Q5_K_M.gguf,50,127.70351719856262,2554.0703439712524,0.35294117647058826,0.2465753424657534,0.2903225806451613,1.0
Q8_0_LORA_v4,models/gguf/qwen2.5-1.5b-lora-Q8_0.gguf,50,114.3399727344513,2286.799454689026,0.34,0.2328767123287671,0.2764227642276423,1.0
Q4_K_M_LORA_full,models/gguf/qwen2.5-1.5b-lora-Q4_K_M.gguf,3453,6639.214395999908,1922.7380237474395,0.3665487055317564,0.34844192634560905,0.35726604338749207,1.0
Q5_K_M_LORA_full,models/gguf/qwen2.5-1.5b-lora-Q5_K_M.gguf,3453,9138.892326116562,2646.65286015539,0.42010309278350516,0.4040368271954674,0.41191335740072205,1.0
Q8_0_LORA_full,models/gguf/qwen2.5-1.5b-lora-Q8_0.gguf,3453,7279.849938869476,2108.2681548999353,0.45646972206883857,0.43909348441926344,0.44761303131486324,1.0
