{
    "precision": 0.6594338023393795,
    "recall": 0.6637092646306091,
    "f1": 0.6615646258503401,
    "validity": 0.9
}