{
    "precision": 0.2966101694915254,
    "recall": 0.2777777777777778,
    "f1": 0.28688524590163933,
    "validity": 1.0,
    "total_examples": 50,
    "valid_json_count": 50
}