{
    "precision": 0.18181818181818182,
    "recall": 0.18181818181818182,
    "f1": 0.18181818181818182,
    "validity": 1.0,
    "total_examples": 4,
    "valid_json_count": 4
}