task,mode,sample_count,elapsed_sec,precision,recall,f1,validity,notes
task1,free,50,,0.2966101695,0.2777777778,0.2868852459,1.0,smoke eval
task1,free,200,288.108,0.577031,0.506143,0.539267,1.0,benchmark
task1,constrained,200,382.692,0.577031,0.506143,0.539267,1.0,benchmark
task1,free,500,709.354,0.514586,0.448627,0.479348,1.0,benchmark
task1,constrained,500,1171.269,0.514586,0.448627,0.479348,1.0,benchmark
