{
  "abbrev": {
    "precision": 0.26666666666666666,
    "recall": 0.22857142857142856,
    "f1": 0.24615384615384614,
    "boundary_f1": 0.2769230769230769,
    "validity": 1.0,
    "total": 15
  },
  "ambiguous": {
    "precision": 0.12195121951219512,
    "recall": 0.125,
    "f1": 0.12345679012345678,
    "boundary_f1": 0.12345679012345678,
    "validity": 1.0,
    "total": 18
  },
  "misspell": {
    "precision": 0.3333333333333333,
    "recall": 0.3333333333333333,
    "f1": 0.3333333333333333,
    "boundary_f1": 0.3333333333333333,
    "validity": 1.0,
    "total": 17
  },
  "multilingual": {
    "precision": 0.07692307692307693,
    "recall": 0.13953488372093023,
    "f1": 0.09917355371900827,
    "boundary_f1": 0.1322314049586777,
    "validity": 1.0,
    "total": 33
  },
  "nested": {
    "precision": 0.10526315789473684,
    "recall": 0.07692307692307693,
    "f1": 0.08888888888888889,
    "boundary_f1": 0.08888888888888889,
    "validity": 1.0,
    "total": 17
  },
  "original": {
    "precision": 0.29533678756476683,
    "recall": 0.2878787878787879,
    "f1": 0.29156010230179025,
    "boundary_f1": 0.3273657289002558,
    "validity": 1.0,
    "total": 100
  },
  "all": {
    "precision": 0.2235294117647059,
    "recall": 0.23002421307506055,
    "f1": 0.22673031026252982,
    "boundary_f1": 0.2505966587112172,
    "validity": 1.0,
    "total": 200
  },
  "adversarial_all": {
    "precision": 0.16379310344827586,
    "recall": 0.17674418604651163,
    "f1": 0.17002237136465326,
    "boundary_f1": 0.18344519015659955,
    "validity": 1.0,
    "total": 100
  }
}