{
  "abbrev": {
    "precision": 0.4074074074074074,
    "recall": 0.2682926829268293,
    "f1": 0.3235294117647059,
    "boundary_f1": 0.4411764705882353,
    "validity": 1.0,
    "total": 14
  },
  "ambiguous": {
    "precision": 0.53125,
    "recall": 0.3269230769230769,
    "f1": 0.40476190476190477,
    "boundary_f1": 0.40476190476190477,
    "validity": 1.0,
    "total": 17
  },
  "misspell": {
    "precision": 0.53125,
    "recall": 0.3695652173913043,
    "f1": 0.4358974358974359,
    "boundary_f1": 0.5897435897435898,
    "validity": 1.0,
    "total": 17
  },
  "multilingual": {
    "precision": 0.6486486486486487,
    "recall": 0.6486486486486487,
    "f1": 0.6486486486486487,
    "boundary_f1": 0.6756756756756757,
    "validity": 1.0,
    "total": 33
  },
  "nested": {
    "precision": 0.3181818181818182,
    "recall": 0.35,
    "f1": 0.3333333333333333,
    "boundary_f1": 0.3968253968253969,
    "validity": 1.0,
    "total": 19
  },
  "original": {
    "precision": 0.5730994152046783,
    "recall": 0.45161290322580644,
    "f1": 0.5051546391752578,
    "boundary_f1": 0.5103092783505155,
    "validity": 1.0,
    "total": 100
  },
  "all": {
    "precision": 0.5150684931506849,
    "recall": 0.41501103752759383,
    "f1": 0.4596577017114914,
    "boundary_f1": 0.4987775061124695,
    "validity": 1.0,
    "total": 200
  },
  "adversarial_all": {
    "precision": 0.4639175257731959,
    "recall": 0.3813559322033898,
    "f1": 0.41860465116279066,
    "boundary_f1": 0.48837209302325574,
    "validity": 1.0,
    "total": 100
  }
}