task,phase,category,precision,recall,f1,boundary_f1,validity
task4,pre,abbrev,0.26666666666666666,0.22857142857142856,0.24615384615384614,0.2769230769230769,1.0
task4,pre,ambiguous,0.12195121951219512,0.125,0.12345679012345678,0.12345679012345678,1.0
task4,pre,misspell,0.3333333333333333,0.3333333333333333,0.3333333333333333,0.3333333333333333,1.0
task4,pre,multilingual,0.07692307692307693,0.13953488372093023,0.09917355371900827,0.1322314049586777,1.0
task4,pre,nested,0.10526315789473684,0.07692307692307693,0.08888888888888889,0.08888888888888889,1.0
task4,pre,original,0.29533678756476683,0.2878787878787879,0.29156010230179025,0.3273657289002558,1.0
task4,pre,all,0.2235294117647059,0.23002421307506055,0.22673031026252982,0.2505966587112172,1.0
task4,pre,adversarial_all,0.16379310344827586,0.17674418604651163,0.17002237136465326,0.18344519015659955,1.0
