task,phase,category,precision,recall,f1,boundary_f1,validity
task4,post,abbrev,0.4074074074074074,0.2682926829268293,0.3235294117647059,0.4411764705882353,1.0
task4,post,ambiguous,0.53125,0.3269230769230769,0.40476190476190477,0.40476190476190477,1.0
task4,post,misspell,0.53125,0.3695652173913043,0.4358974358974359,0.5897435897435898,1.0
task4,post,multilingual,0.6486486486486487,0.6486486486486487,0.6486486486486487,0.6756756756756757,1.0
task4,post,nested,0.3181818181818182,0.35,0.3333333333333333,0.3968253968253969,1.0
task4,post,original,0.5730994152046783,0.45161290322580644,0.5051546391752578,0.5103092783505155,1.0
task4,post,all,0.5150684931506849,0.41501103752759383,0.4596577017114914,0.4987775061124695,1.0
task4,post,adversarial_all,0.4639175257731959,0.3813559322033898,0.41860465116279066,0.48837209302325574,1.0
